Date,Type,Link
2023-12-22 20:28:35,LIKE,https://www.linkedin.com/feed/update/urn%3Ali%3Aactivity%3A7143975843646676992
2023-12-22 20:28:26,LIKE,https://www.linkedin.com/feed/update/urn%3Ali%3Aactivity%3A7144003302685401088
2023-12-22 20:27:20,PRAISE,https://www.linkedin.com/feed/update/urn%3Ali%3AugcPost%3A7143961105554485249
2023-12-22 20:27:11,LIKE,https://www.linkedin.com/feed/update/urn%3Ali%3AugcPost%3A7143693342982270976
2023-12-21 19:30:43,LIKE,https://www.linkedin.com/feed/update/urn%3Ali%3AugcPost%3A7143594384276582401
2023-12-21 18:43:54,LIKE,https://www.linkedin.com/feed/update/urn%3Ali%3Aactivity%3A7143587441877172224
2023-12-19 19:10:48,EMPATHY,https://www.linkedin.com/feed/update/urn%3Ali%3AugcPost%3A7142954329228955648
2023-12-18 20:38:39,LIKE,https://www.linkedin.com/feed/update/urn%3Ali%3AugcPost%3A7141115037426917378
2023-12-18 20:28:52,LIKE,https://www.linkedin.com/feed/update/urn%3Ali%3Aactivity%3A7142149543881601025
2023-12-15 17:44:55,LIKE,https://www.linkedin.com/feed/update/urn%3Ali%3AugcPost%3A7141406790499426304
2023-12-14 20:46:01,LIKE,https://www.linkedin.com/feed/update/urn%3Ali%3Aactivity%3A7141049130176483328
2023-12-14 20:45:57,LIKE,https://www.linkedin.com/feed/update/urn%3Ali%3AugcPost%3A7140693978689056769
2023-12-14 20:24:11,LIKE,https://www.linkedin.com/feed/update/urn%3Ali%3AugcPost%3A7140687042799194113
2023-12-14 20:24:04,LIKE,https://www.linkedin.com/feed/update/urn%3Ali%3Aactivity%3A7141065918817775616
2023-12-12 19:17:31,LIKE,https://www.linkedin.com/feed/update/urn%3Ali%3Aactivity%3A7140412649917374465
2023-12-11 19:00:46,LIKE,https://www.linkedin.com/feed/update/urn%3Ali%3Aactivity%3A7139253496364654592
2023-12-07 19:47:28,LIKE,https://www.linkedin.com/feed/update/urn%3Ali%3AugcPost%3A7136168773761269760
2023-12-07 19:47:11,LIKE,https://www.linkedin.com/feed/update/urn%3Ali%3AugcPost%3A7138509789009014784
2023-12-07 19:46:56,LIKE,https://www.linkedin.com/feed/update/urn%3Ali%3AugcPost%3A7138282889909104640
2023-12-07 19:46:43,LIKE,https://www.linkedin.com/feed/update/urn%3Ali%3Aactivity%3A7138500413334470656
2023-12-07 19:46:34,LIKE,https://www.linkedin.com/feed/update/urn%3Ali%3Aactivity%3A7138482284319457280
2023-12-01 21:01:00,LIKE,https://www.linkedin.com/feed/update/urn%3Ali%3AugcPost%3A7136353842576711682
2023-11-30 20:21:08,LIKE,https://www.linkedin.com/feed/update/urn%3Ali%3AugcPost%3A7135984848845910016
2023-11-30 20:21:01,LIKE,https://www.linkedin.com/feed/update/urn%3Ali%3AugcPost%3A7136028729125781505
2023-11-29 20:18:28,LIKE,https://www.linkedin.com/feed/update/urn%3Ali%3Aactivity%3A7135715432707072000
2023-11-29 20:05:16,LIKE,https://www.linkedin.com/feed/update/urn%3Ali%3Aactivity%3A7135712358055784449
2023-11-29 19:56:36,LIKE,https://www.linkedin.com/feed/update/urn%3Ali%3Aactivity%3A7135713195360460801
2023-11-28 20:30:02,LIKE,https://www.linkedin.com/feed/update/urn%3Ali%3Aactivity%3A7135356319024242690
2023-11-28 19:51:59,LIKE,https://www.linkedin.com/feed/update/urn%3Ali%3AgroupPost%3A6613456-7134968234474127360
2023-11-28 18:41:04,ENTERTAINMENT,https://www.linkedin.com/feed/update/urn%3Ali%3Aactivity%3A7131336825037545472
2023-11-28 18:40:55,EMPATHY,https://www.linkedin.com/feed/update/urn%3Ali%3Aactivity%3A7135334941482991616
2023-11-28 18:40:32,LIKE,https://www.linkedin.com/feed/update/urn%3Ali%3Aactivity%3A7135325546997047296
2023-11-28 18:12:47,ENTERTAINMENT,https://www.linkedin.com/feed/update/urn%3Ali%3Aactivity%3A7134932367328034817
2023-11-28 18:12:06,LIKE,https://www.linkedin.com/feed/update/urn%3Ali%3Aactivity%3A7132746890214785027
2023-11-28 18:09:24,LIKE,https://www.linkedin.com/feed/update/urn%3Ali%3Aactivity%3A7135078444563873793
2023-11-28 17:58:53,LIKE,https://www.linkedin.com/feed/update/urn%3Ali%3AugcPost%3A7135046573062823936
2023-11-28 17:58:03,LIKE,https://www.linkedin.com/feed/update/urn%3Ali%3AugcPost%3A7135323772475092992
2023-11-28 17:52:25,LIKE,https://www.linkedin.com/feed/update/urn%3Ali%3AugcPost%3A7135045269968072704
2023-11-28 17:47:55,LIKE,https://www.linkedin.com/feed/update/urn%3Ali%3Aactivity%3A7135279686846140417
2023-11-28 17:47:28,LIKE,https://www.linkedin.com/feed/update/urn%3Ali%3AugcPost%3A7135059499924566016
2023-11-28 17:47:16,LIKE,https://www.linkedin.com/feed/update/urn%3Ali%3AugcPost%3A7135029728880603136
2023-11-27 19:02:04,LIKE,https://www.linkedin.com/feed/update/urn%3Ali%3Aactivity%3A7134966968087961600
2023-11-27 19:02:01,LIKE,https://www.linkedin.com/feed/update/urn%3Ali%3Aactivity%3A7134518908606119936
2023-11-27 19:01:52,LIKE,https://www.linkedin.com/feed/update/urn%3Ali%3Aactivity%3A7134968087497388032
2023-11-27 19:01:44,LIKE,https://www.linkedin.com/feed/update/urn%3Ali%3Aactivity%3A7134903716612091904
2023-11-27 19:01:30,LIKE,https://www.linkedin.com/feed/update/urn%3Ali%3Aactivity%3A7134949012314468352
2023-11-27 19:01:19,LIKE,https://www.linkedin.com/feed/update/urn%3Ali%3Aactivity%3A7134892392503029760
2023-11-27 19:00:36,LIKE,https://www.linkedin.com/feed/update/urn%3Ali%3Aactivity%3A7134858413917822976
2023-11-24 18:56:38,LIKE,https://www.linkedin.com/feed/update/urn%3Ali%3Aactivity%3A7133536363278196736
2023-11-24 18:53:40,ENTERTAINMENT,https://www.linkedin.com/feed/update/urn%3Ali%3Aactivity%3A7133881303505981440
2023-11-24 18:53:28,LIKE,https://www.linkedin.com/feed/update/urn%3Ali%3AugcPost%3A7133148005351718913
2023-11-24 18:53:18,LIKE,https://www.linkedin.com/feed/update/urn%3Ali%3AugcPost%3A7133550659722690560
2023-11-23 20:59:15,LIKE,https://www.linkedin.com/feed/update/urn%3Ali%3AugcPost%3A7132738297696518146
2023-11-23 19:41:23,ENTERTAINMENT,https://www.linkedin.com/feed/update/urn%3Ali%3Aactivity%3A7133206391300706304
2023-11-23 19:41:14,LIKE,https://www.linkedin.com/feed/update/urn%3Ali%3Aactivity%3A7133196952279658497
2023-11-23 19:40:35,LIKE,https://www.linkedin.com/feed/update/urn%3Ali%3AugcPost%3A7133243618143711232
2023-11-23 19:36:32,LIKE,https://www.linkedin.com/feed/update/urn%3Ali%3AugcPost%3A7133536580996059136
2023-11-23 19:35:16,ENTERTAINMENT,https://www.linkedin.com/feed/update/urn%3Ali%3AugcPost%3A7133196692325085184
2023-11-21 18:45:13,LIKE,https://www.linkedin.com/feed/update/urn%3Ali%3AugcPost%3A7131251605064028160
2023-11-21 18:43:55,LIKE,https://www.linkedin.com/feed/update/urn%3Ali%3Aactivity%3A7132411572118769664
2023-11-15 19:25:39,LIKE,https://www.linkedin.com/feed/update/urn%3Ali%3Aactivity%3A7130532392858976256
2023-11-15 19:22:12,ENTERTAINMENT,https://www.linkedin.com/feed/update/urn%3Ali%3AugcPost%3A7130273901841895424
2023-11-09 19:55:37,LIKE,https://www.linkedin.com/feed/update/urn%3Ali%3Aactivity%3A7118248093199810560
2023-11-09 19:20:41,LIKE,https://www.linkedin.com/feed/update/urn%3Ali%3Aactivity%3A7127267857763028993
2023-11-09 19:12:29,LIKE,https://www.linkedin.com/feed/update/urn%3Ali%3AugcPost%3A7128107507406749698
2023-11-09 19:11:54,LIKE,https://www.linkedin.com/feed/update/urn%3Ali%3Aactivity%3A7125927041576689664
2023-11-09 19:11:37,LIKE,https://www.linkedin.com/feed/update/urn%3Ali%3AugcPost%3A7115443679351205888
2023-11-09 19:04:46,LIKE,https://www.linkedin.com/feed/update/urn%3Ali%3Aactivity%3A7128371992197537793
2023-11-08 20:53:34,LIKE,https://www.linkedin.com/feed/update/urn%3Ali%3AgroupPost%3A13927947-7128121351113981952
2023-11-08 20:05:18,LIKE,https://www.linkedin.com/feed/update/urn%3Ali%3Aactivity%3A7128067222974967808
2023-11-08 20:01:51,LIKE,https://www.linkedin.com/feed/update/urn%3Ali%3AugcPost%3A7128090300333367296
2023-11-06 20:09:24,LIKE,https://www.linkedin.com/feed/update/urn%3Ali%3AugcPost%3A7125586300857966593
2023-11-06 20:02:44,LIKE,https://www.linkedin.com/feed/update/urn%3Ali%3AugcPost%3A7119835224460423168
2023-11-06 20:02:35,LIKE,https://www.linkedin.com/feed/update/urn%3Ali%3Aactivity%3A7123320334195302401
2023-11-06 20:01:04,LIKE,https://www.linkedin.com/feed/update/urn%3Ali%3Aactivity%3A7126771336948948992?commentUrn=urn%3Ali%3Acomment%3A%28activity%3A7126771336948948992%2C7127244501546323969%29
2023-11-06 20:01:03,LIKE,https://www.linkedin.com/feed/update/urn%3Ali%3Aactivity%3A7126771336948948992?commentUrn=urn%3Ali%3Acomment%3A%28activity%3A7126771336948948992%2C7127264771984228352%29
2023-11-02 20:00:31,LIKE,https://www.linkedin.com/feed/update/urn%3Ali%3Aactivity%3A7125916505015263232
2023-11-02 17:22:35,LIKE,https://www.linkedin.com/feed/update/urn%3Ali%3Aactivity%3A7125881747543605250
2023-11-01 19:29:37,LIKE,https://www.linkedin.com/feed/update/urn%3Ali%3Aactivity%3A7125219011704815616
2023-11-01 19:09:05,ENTERTAINMENT,https://www.linkedin.com/feed/update/urn%3Ali%3AugcPost%3A7125235881849815041
2023-11-01 19:07:50,LIKE,https://www.linkedin.com/feed/update/urn%3Ali%3AugcPost%3A7125510939713417216
2023-11-01 19:07:46,LIKE,https://www.linkedin.com/feed/update/urn%3Ali%3AugcPost%3A7125510939713417216?commentUrn=urn%3Ali%3Acomment%3A%28ugcPost%3A7125510939713417216%2C7125557075383828480%29
2023-11-01 18:59:34,LIKE,https://www.linkedin.com/feed/update/urn%3Ali%3Aactivity%3A7125511818642399232
2023-11-01 18:53:36,ENTERTAINMENT,https://www.linkedin.com/feed/update/urn%3Ali%3Aactivity%3A7125158992120590336
2023-11-01 18:52:39,LIKE,https://www.linkedin.com/feed/update/urn%3Ali%3Aactivity%3A7125554777186312193
2023-10-31 15:41:08,LIKE,https://www.linkedin.com/feed/update/urn%3Ali%3Aactivity%3A7125118556618305539
2023-10-31 15:26:26,LIKE,https://www.linkedin.com/feed/update/urn%3Ali%3Aactivity%3A7125103730080817152
2023-10-30 21:17:09,LIKE,https://www.linkedin.com/feed/update/urn%3Ali%3AugcPost%3A7117314859700019200
2023-10-30 21:11:00,LIKE,https://www.linkedin.com/feed/update/urn%3Ali%3Aactivity%3A7124861727631941632?commentUrn=urn%3Ali%3Acomment%3A%28activity%3A7124861727631941632%2C7124863301565489152%29
2023-10-30 20:48:32,LIKE,https://www.linkedin.com/feed/update/urn%3Ali%3Aactivity%3A7124738029050638336
2023-10-30 20:41:59,LIKE,https://www.linkedin.com/feed/update/urn%3Ali%3Aactivity%3A7123670086778839040
2023-10-30 19:23:28,LIKE,https://www.linkedin.com/feed/update/urn%3Ali%3AugcPost%3A7123745257241911296
2023-10-26 19:47:38,LIKE,https://www.linkedin.com/feed/update/urn%3Ali%3Aactivity%3A7121517566837108736
2023-10-26 19:20:33,LIKE,https://www.linkedin.com/feed/update/urn%3Ali%3Aactivity%3A7123277142313885696
2023-10-26 19:13:49,LIKE,https://www.linkedin.com/feed/update/urn%3Ali%3Aactivity%3A7123086934821720066
2023-10-26 18:44:15,LIKE,https://www.linkedin.com/feed/update/urn%3Ali%3Aactivity%3A7123337641604825088
2023-10-25 20:51:36,LIKE,https://www.linkedin.com/feed/update/urn%3Ali%3AugcPost%3A7123038356032172032
2023-10-25 20:51:28,LIKE,https://www.linkedin.com/feed/update/urn%3Ali%3Aactivity%3A7122914740175089664
2023-10-25 20:42:29,LIKE,https://www.linkedin.com/feed/update/urn%3Ali%3Aactivity%3A7122732706672574464
2023-10-24 20:31:52,LIKE,https://www.linkedin.com/feed/update/urn%3Ali%3Aactivity%3A7122673101988896768
2023-10-24 20:10:59,LIKE,https://www.linkedin.com/feed/update/urn%3Ali%3AugcPost%3A7122642079708516353
2023-10-24 20:10:41,LIKE,https://www.linkedin.com/feed/update/urn%3Ali%3Aactivity%3A7122552352586248192
2023-10-23 20:50:19,LIKE,https://www.linkedin.com/feed/update/urn%3Ali%3Aactivity%3A7122319996902354944
2023-10-23 19:06:12,LIKE,https://www.linkedin.com/feed/update/urn%3Ali%3Aactivity%3A7116029357483028480
2023-10-23 19:05:37,LIKE,https://www.linkedin.com/feed/update/urn%3Ali%3Aactivity%3A7120863104443273218
2023-10-23 19:05:25,LIKE,https://www.linkedin.com/feed/update/urn%3Ali%3Aactivity%3A7118268637332877312
2023-10-23 18:42:25,LIKE,https://www.linkedin.com/feed/update/urn%3Ali%3Aactivity%3A7121827540612071424
2023-10-23 18:42:22,LIKE,https://www.linkedin.com/feed/update/urn%3Ali%3AugcPost%3A7121226103683203072
2023-10-20 20:46:43,LIKE,https://www.linkedin.com/feed/update/urn%3Ali%3Aactivity%3A7121117607901995008
2023-10-20 20:35:57,LIKE,https://www.linkedin.com/feed/update/urn%3Ali%3Aactivity%3A7121159853481336833
2023-10-20 19:44:03,LIKE,https://www.linkedin.com/feed/update/urn%3Ali%3Aactivity%3A7120501835240517635
2023-10-20 19:04:59,LIKE,https://www.linkedin.com/feed/update/urn%3Ali%3AugcPost%3A7120879895039107072
2023-10-20 19:04:29,LIKE,https://www.linkedin.com/feed/update/urn%3Ali%3Aactivity%3A7120866447253204993
2023-10-20 19:03:58,LIKE,https://www.linkedin.com/feed/update/urn%3Ali%3Aactivity%3A7121110101385523200
2023-10-19 21:12:25,LIKE,https://www.linkedin.com/feed/update/urn%3Ali%3Aactivity%3A7120725293568303106
2023-10-18 21:26:52,LIKE,https://www.linkedin.com/feed/update/urn%3Ali%3AugcPost%3A7120453023138492416
2023-10-12 20:50:23,ENTERTAINMENT,https://www.linkedin.com/feed/update/urn%3Ali%3Aactivity%3A7118313088524705792
2023-10-12 20:40:26,LIKE,https://www.linkedin.com/feed/update/urn%3Ali%3Aactivity%3A7114588721261273088
2023-10-12 20:28:16,LIKE,https://www.linkedin.com/feed/update/urn%3Ali%3AugcPost%3A7117950220339937281
2023-10-12 20:23:40,LIKE,https://www.linkedin.com/feed/update/urn%3Ali%3Aactivity%3A7118316342675410944
2023-10-12 20:07:46,ENTERTAINMENT,https://www.linkedin.com/feed/update/urn%3Ali%3Aactivity%3A7118237491723198466
2023-10-12 20:06:58,EMPATHY,https://www.linkedin.com/feed/update/urn%3Ali%3Aactivity%3A7117262425032159232?commentUrn=urn%3Ali%3Acomment%3A%28activity%3A7117262425032159232%2C7118010338175856640%29
2023-10-11 20:51:05,LIKE,https://www.linkedin.com/feed/update/urn%3Ali%3Aactivity%3A7117926084360192000?commentUrn=urn%3Ali%3Acomment%3A%28activity%3A7117926084360192000%2C7117973629660766209%29
2023-10-11 20:37:47,LIKE,https://www.linkedin.com/feed/update/urn%3Ali%3Aactivity%3A7117262425032159232
2023-10-11 20:28:25,LIKE,https://www.linkedin.com/feed/update/urn%3Ali%3Aactivity%3A7117921238764654593
2023-10-11 20:26:53,LIKE,https://www.linkedin.com/feed/update/urn%3Ali%3Aactivity%3A7114627166905974786
2023-10-11 20:19:43,LIKE,https://www.linkedin.com/feed/update/urn%3Ali%3Aactivity%3A7117841984999874560
2023-10-11 20:12:47,LIKE,https://www.linkedin.com/feed/update/urn%3Ali%3AugcPost%3A7117899390148558848
2023-10-11 19:42:44,LIKE,https://www.linkedin.com/feed/update/urn%3Ali%3AugcPost%3A7117154150487851008
2023-10-11 19:42:23,LIKE,https://www.linkedin.com/feed/update/urn%3Ali%3Aactivity%3A7117922822613532672
2023-10-11 19:42:12,LIKE,https://www.linkedin.com/feed/update/urn%3Ali%3AugcPost%3A7116137738512310272
2023-10-11 19:33:19,LIKE,https://www.linkedin.com/feed/update/urn%3Ali%3AugcPost%3A7117613051465318402
2023-10-11 19:33:17,LIKE,https://www.linkedin.com/feed/update/urn%3Ali%3AugcPost%3A7117948561417285632
2023-10-11 19:32:32,LIKE,https://www.linkedin.com/feed/update/urn%3Ali%3Aactivity%3A7117640006571077632
2023-10-10 20:45:46,LIKE,https://www.linkedin.com/feed/update/urn%3Ali%3AugcPost%3A7117607448898592768
2023-10-10 20:33:48,EMPATHY,https://www.linkedin.com/feed/update/urn%3Ali%3Aactivity%3A7117599925189627904
2023-10-10 20:13:11,LIKE,https://www.linkedin.com/feed/update/urn%3Ali%3AgroupPost%3A162197-7117569402731913216
2023-10-10 19:53:45,LIKE,https://www.linkedin.com/feed/update/urn%3Ali%3AugcPost%3A7117459077198196736
2023-10-10 19:52:43,ENTERTAINMENT,https://www.linkedin.com/feed/update/urn%3Ali%3Aactivity%3A7117108944438751233
2023-10-10 19:51:55,LIKE,https://www.linkedin.com/feed/update/urn%3Ali%3Aactivity%3A7117540371479310337
2023-10-09 20:40:56,LIKE,https://www.linkedin.com/feed/update/urn%3Ali%3Aactivity%3A7117116710989512704
2023-10-09 20:04:24,ENTERTAINMENT,https://www.linkedin.com/feed/update/urn%3Ali%3Aactivity%3A7115776712096821249
2023-10-09 19:42:47,LIKE,https://www.linkedin.com/feed/update/urn%3Ali%3AugcPost%3A7117166824261062657
2023-10-09 19:37:38,LIKE,https://www.linkedin.com/feed/update/urn%3Ali%3Aactivity%3A7110291520070533121
2023-10-09 19:35:56,LIKE,https://www.linkedin.com/feed/update/urn%3Ali%3AugcPost%3A7116166580941524992
2023-10-09 19:34:11,LIKE,https://www.linkedin.com/feed/update/urn%3Ali%3Aactivity%3A7116940958256017408
2023-10-09 19:33:53,LIKE,https://www.linkedin.com/feed/update/urn%3Ali%3Aactivity%3A7115795285389291520
2023-10-06 19:53:47,LIKE,https://www.linkedin.com/feed/update/urn%3Ali%3Aactivity%3A7110984399004794880
2023-10-05 20:05:59,LIKE,https://www.linkedin.com/feed/update/urn%3Ali%3AugcPost%3A7114811516805111809
2023-10-05 20:04:37,ENTERTAINMENT,https://www.linkedin.com/feed/update/urn%3Ali%3Aactivity%3A7115365362937778176
2023-10-05 19:14:49,LIKE,https://www.linkedin.com/feed/update/urn%3Ali%3Aactivity%3A7115385346971906049
2023-10-05 19:09:23,LIKE,https://www.linkedin.com/feed/update/urn%3Ali%3Aactivity%3A7115666951841996800
2023-10-05 18:43:28,LIKE,https://www.linkedin.com/feed/update/urn%3Ali%3Aactivity%3A7115473617856925696
2023-10-04 18:56:49,LIKE,https://www.linkedin.com/feed/update/urn%3Ali%3Aactivity%3A7115298244682747904
2023-10-04 18:50:53,LIKE,https://www.linkedin.com/feed/update/urn%3Ali%3Aactivity%3A7115365817340301312
2023-10-04 18:45:37,LIKE,https://www.linkedin.com/feed/update/urn%3Ali%3Aactivity%3A7115315990179028992
2023-10-03 19:48:26,ENTERTAINMENT,https://www.linkedin.com/feed/update/urn%3Ali%3Aactivity%3A7112573814944743424
2023-10-03 19:20:53,LIKE,https://www.linkedin.com/feed/update/urn%3Ali%3Aactivity%3A7115049473126379520
2023-10-03 19:20:46,LIKE,https://www.linkedin.com/feed/update/urn%3Ali%3Aactivity%3A7111127743806730240
2023-10-03 19:20:14,LIKE,https://www.linkedin.com/feed/update/urn%3Ali%3Aactivity%3A7114733997494067200
2023-10-03 19:20:12,ENTERTAINMENT,https://www.linkedin.com/feed/update/urn%3Ali%3AgroupPost%3A3901022-7115049931538624512
2023-10-03 19:20:00,LIKE,https://www.linkedin.com/feed/update/urn%3Ali%3AugcPost%3A7114801350214901762
2023-10-02 20:12:43,LIKE,https://www.linkedin.com/feed/update/urn%3Ali%3AugcPost%3A7114596263769047042?commentUrn=urn%3Ali%3Acomment%3A%28ugcPost%3A7114596263769047042%2C7114703505134661632%29
2023-10-02 19:37:32,LIKE,https://www.linkedin.com/feed/update/urn%3Ali%3Aactivity%3A7114694220862373888
2023-10-02 19:13:38,ENTERTAINMENT,https://www.linkedin.com/feed/update/urn%3Ali%3Aactivity%3A7110276422639763457
2023-10-02 19:11:19,ENTERTAINMENT,https://www.linkedin.com/feed/update/urn%3Ali%3AgroupPost%3A13927947-7113506240353169409
2023-10-02 19:03:58,LIKE,https://www.linkedin.com/feed/update/urn%3Ali%3Aactivity%3A7113859537018757120
2023-10-02 19:02:13,LIKE,https://www.linkedin.com/feed/update/urn%3Ali%3AugcPost%3A7114304587750096896
2023-10-02 19:02:03,LIKE,https://www.linkedin.com/feed/update/urn%3Ali%3Aactivity%3A7107077709691781120
2023-10-02 19:01:51,LIKE,https://www.linkedin.com/feed/update/urn%3Ali%3Aactivity%3A7114427763364630528
2023-10-02 19:00:30,ENTERTAINMENT,https://www.linkedin.com/feed/update/urn%3Ali%3Aactivity%3A7114603065432846339
2023-09-29 20:47:14,LIKE,https://www.linkedin.com/feed/update/urn%3Ali%3AgroupPost%3A12703349-7111056548117803008
2023-09-29 20:38:18,LIKE,https://www.linkedin.com/feed/update/urn%3Ali%3AugcPost%3A7105550798314496005
2023-09-29 20:38:14,LIKE,https://www.linkedin.com/feed/update/urn%3Ali%3Aactivity%3A7110268872942899200
2023-09-29 20:38:05,LIKE,https://www.linkedin.com/feed/update/urn%3Ali%3AugcPost%3A7104865938998489088
2023-09-29 20:34:47,ENTERTAINMENT,https://www.linkedin.com/feed/update/urn%3Ali%3Aactivity%3A7112813136398684160
2023-09-29 20:32:09,LIKE,https://www.linkedin.com/feed/update/urn%3Ali%3AugcPost%3A7113177049812393985
2023-09-29 20:30:52,LIKE,https://www.linkedin.com/feed/update/urn%3Ali%3AgroupPost%3A13927947-7112491350998081538
2023-09-29 20:29:04,LIKE,https://www.linkedin.com/feed/update/urn%3Ali%3AugcPost%3A7105925804710072321
2023-09-29 20:28:41,LIKE,https://www.linkedin.com/feed/update/urn%3Ali%3Aactivity%3A7105640293072289792
2023-09-29 20:27:21,LIKE,https://www.linkedin.com/feed/update/urn%3Ali%3AugcPost%3A7112872554012250112
2023-09-29 20:26:42,LIKE,https://www.linkedin.com/feed/update/urn%3Ali%3AugcPost%3A7113236964983631874
2023-09-29 20:23:41,LIKE,https://www.linkedin.com/feed/update/urn%3Ali%3Aactivity%3A7113251923541016576
2023-09-29 20:23:08,LIKE,https://www.linkedin.com/feed/update/urn%3Ali%3Aactivity%3A7113616373670379520
2023-09-29 20:18:17,LIKE,https://www.linkedin.com/feed/update/urn%3Ali%3Aactivity%3A7110243288640598016
2023-09-29 20:17:49,EMPATHY,https://www.linkedin.com/feed/update/urn%3Ali%3AugcPost%3A7112948463889227776
2023-09-29 20:17:42,LIKE,https://www.linkedin.com/feed/update/urn%3Ali%3Aactivity%3A7108069089276739585
2023-09-29 20:15:53,LIKE,https://www.linkedin.com/feed/update/urn%3Ali%3Aactivity%3A7112945451070296064
2023-09-28 20:39:59,LIKE,https://www.linkedin.com/feed/update/urn%3Ali%3AugcPost%3A7113217889414918146
2023-09-28 20:39:08,LIKE,https://www.linkedin.com/feed/update/urn%3Ali%3AgroupPost%3A6613456-7112902541230682112
2023-09-28 20:35:58,LIKE,https://www.linkedin.com/feed/update/urn%3Ali%3Aactivity%3A7112241987453378560
2023-09-28 20:22:35,LIKE,https://www.linkedin.com/feed/update/urn%3Ali%3Aactivity%3A7113250255390846976
2023-09-28 20:16:06,LIKE,https://www.linkedin.com/feed/update/urn%3Ali%3AugcPost%3A7113090087499776000
2023-09-28 20:13:54,ENTERTAINMENT,https://www.linkedin.com/feed/update/urn%3Ali%3Aactivity%3A7113157207898091520
2023-09-28 20:13:47,LIKE,https://www.linkedin.com/feed/update/urn%3Ali%3Aactivity%3A7112496932219944961
2023-09-28 20:12:21,ENTERTAINMENT,https://www.linkedin.com/feed/update/urn%3Ali%3Aactivity%3A7113247843867328512
2023-09-28 20:12:04,LIKE,https://www.linkedin.com/feed/update/urn%3Ali%3AugcPost%3A7107341593682022400
2023-09-28 20:11:07,LIKE,https://www.linkedin.com/feed/update/urn%3Ali%3AugcPost%3A7112169388950048768?commentUrn=urn%3Ali%3Acomment%3A%28ugcPost%3A7112169388950048768%2C7113211553054699520%29
2023-09-28 20:10:35,LIKE,https://www.linkedin.com/feed/update/urn%3Ali%3Aactivity%3A7113142710152101888
2023-09-27 20:57:46,LIKE,https://www.linkedin.com/feed/update/urn%3Ali%3Aactivity%3A7112902210815967233
2023-09-27 20:52:39,LIKE,https://www.linkedin.com/feed/update/urn%3Ali%3AugcPost%3A7112813540771586048
2023-09-27 20:51:07,LIKE,https://www.linkedin.com/feed/update/urn%3Ali%3AgroupPost%3A6613456-7107082872619978753
2023-09-27 20:51:01,LIKE,https://www.linkedin.com/feed/update/urn%3Ali%3Aactivity%3A7112896705192210432
2023-09-27 20:48:17,LIKE,https://www.linkedin.com/feed/update/urn%3Ali%3Aactivity%3A7111718523596324864
2023-09-27 20:44:10,LIKE,https://www.linkedin.com/feed/update/urn%3Ali%3AgroupPost%3A879847-7110805443794382848
2023-09-27 20:42:42,LIKE,https://www.linkedin.com/feed/update/urn%3Ali%3Aactivity%3A7112767880080875521
2023-09-27 20:42:25,LIKE,https://www.linkedin.com/feed/update/urn%3Ali%3Aactivity%3A7112834702771634176
2023-09-27 20:37:50,LIKE,https://www.linkedin.com/feed/update/urn%3Ali%3AugcPost%3A7112113984794730497
2023-09-27 20:37:42,LIKE,https://www.linkedin.com/feed/update/urn%3Ali%3Aactivity%3A7112290349590429697
2023-09-27 20:36:49,LIKE,https://www.linkedin.com/feed/update/urn%3Ali%3Aactivity%3A7112798047369097216
2023-09-27 20:36:30,LIKE,https://www.linkedin.com/feed/update/urn%3Ali%3Aactivity%3A7112834517853184000
2023-09-27 20:33:02,LIKE,https://www.linkedin.com/feed/update/urn%3Ali%3Aactivity%3A7112878712584323072
2023-09-27 20:27:35,LIKE,https://www.linkedin.com/feed/update/urn%3Ali%3AugcPost%3A7112541164808908800
2023-09-27 20:26:32,LIKE,https://www.linkedin.com/feed/update/urn%3Ali%3AugcPost%3A7112818390737596416
2023-09-27 20:25:39,LIKE,https://www.linkedin.com/feed/update/urn%3Ali%3Aactivity%3A7112834854630612992
2023-09-26 20:55:29,LIKE,https://www.linkedin.com/feed/update/urn%3Ali%3Aactivity%3A7112054475560824833
2023-09-26 20:53:26,ENTERTAINMENT,https://www.linkedin.com/feed/update/urn%3Ali%3Aactivity%3A7110282777484234752
2023-09-26 20:51:51,LIKE,https://www.linkedin.com/feed/update/urn%3Ali%3AugcPost%3A7112103572133064705
2023-09-26 20:50:34,LIKE,https://www.linkedin.com/feed/update/urn%3Ali%3Aactivity%3A7112103210470797312
2023-09-26 20:49:41,LIKE,https://www.linkedin.com/feed/update/urn%3Ali%3Aactivity%3A7112176079376637952
2023-09-26 20:42:42,LIKE,https://www.linkedin.com/feed/update/urn%3Ali%3Aactivity%3A7111115174098403328
2023-09-26 20:42:06,LIKE,https://www.linkedin.com/feed/update/urn%3Ali%3Aactivity%3A7107110194504945665
2023-09-26 20:36:39,LIKE,https://www.linkedin.com/feed/update/urn%3Ali%3AugcPost%3A7112169388950048768
2023-09-26 20:36:18,LIKE,https://www.linkedin.com/feed/update/urn%3Ali%3Aactivity%3A7112085337530638337
2023-09-26 20:36:12,LIKE,https://www.linkedin.com/feed/update/urn%3Ali%3AugcPost%3A7112363788477083649
2023-09-22 20:59:16,APPRECIATION,https://www.linkedin.com/feed/update/urn%3Ali%3AugcPost%3A7110778958891102208?commentUrn=urn%3Ali%3Acomment%3A%28ugcPost%3A7110778958891102208%2C7111091155345272832%29
2023-09-22 20:50:34,LIKE,https://www.linkedin.com/feed/update/urn%3Ali%3Aactivity%3A7111074260030271489
2023-09-22 20:42:07,LIKE,https://www.linkedin.com/feed/update/urn%3Ali%3Aactivity%3A7111011868554489857
2023-09-22 20:38:28,LIKE,https://www.linkedin.com/feed/update/urn%3Ali%3AugcPost%3A7111060595759583233
2023-09-22 20:33:20,LIKE,https://www.linkedin.com/feed/update/urn%3Ali%3AugcPost%3A7110799734079918080
2023-09-22 20:28:23,LIKE,https://www.linkedin.com/feed/update/urn%3Ali%3AugcPost%3A7110778958891102208
2023-09-22 20:27:08,LIKE,https://www.linkedin.com/feed/update/urn%3Ali%3AugcPost%3A7110743441650659329
2023-09-22 20:25:07,LIKE,https://www.linkedin.com/feed/update/urn%3Ali%3AugcPost%3A7110998036507484160
2023-09-22 20:24:56,LIKE,https://www.linkedin.com/feed/update/urn%3Ali%3Aactivity%3A7111080426298851328
2023-09-21 20:36:40,LIKE,https://www.linkedin.com/feed/update/urn%3Ali%3Aactivity%3A7110359477412933632
2023-09-21 20:36:34,LIKE,https://www.linkedin.com/feed/update/urn%3Ali%3AugcPost%3A7110605281511845888
2023-09-21 20:35:13,LIKE,https://www.linkedin.com/feed/update/urn%3Ali%3Aactivity%3A7110600605580046336
2023-09-21 20:32:24,LIKE,https://www.linkedin.com/feed/update/urn%3Ali%3Aactivity%3A7110366024595611648
2023-09-21 20:31:50,LIKE,https://www.linkedin.com/feed/update/urn%3Ali%3Aactivity%3A7109884134231015424
2023-09-21 20:30:47,LIKE,https://www.linkedin.com/feed/update/urn%3Ali%3AugcPost%3A7110717907537416192
2023-09-21 20:30:28,LIKE,https://www.linkedin.com/feed/update/urn%3Ali%3Aactivity%3A7109904733749850112
2023-09-21 20:29:57,ENTERTAINMENT,https://www.linkedin.com/feed/update/urn%3Ali%3Aactivity%3A7110367327279292416
2023-09-21 20:29:34,LIKE,https://www.linkedin.com/feed/update/urn%3Ali%3Aactivity%3A7110294656004845569
2023-09-21 20:29:17,LIKE,https://www.linkedin.com/feed/update/urn%3Ali%3AugcPost%3A7110632996054953984
2023-09-21 20:23:50,LIKE,https://www.linkedin.com/feed/update/urn%3Ali%3Aactivity%3A7110366543108030464
2023-09-21 20:23:40,LIKE,https://www.linkedin.com/feed/update/urn%3Ali%3Aactivity%3A7110367012677165057
2023-09-20 19:34:47,ENTERTAINMENT,https://www.linkedin.com/feed/update/urn%3Ali%3Aactivity%3A7109899056918749185
2023-09-20 19:21:49,ENTERTAINMENT,https://www.linkedin.com/feed/update/urn%3Ali%3Aactivity%3A7109914038297333762
2023-09-20 19:21:10,LIKE,https://www.linkedin.com/feed/update/urn%3Ali%3AugcPost%3A7101760080378798080
2023-09-20 19:16:29,LIKE,https://www.linkedin.com/feed/update/urn%3Ali%3Aactivity%3A7109622531879284738
2023-09-20 19:13:19,LIKE,https://www.linkedin.com/feed/update/urn%3Ali%3Aactivity%3A7109657347576205312
2023-09-20 19:11:18,LIKE,https://www.linkedin.com/feed/update/urn%3Ali%3Aactivity%3A7104465247637282816
2023-09-20 19:11:15,LIKE,https://www.linkedin.com/feed/update/urn%3Ali%3Aactivity%3A7109613560892129280
2023-09-20 19:10:42,LIKE,https://www.linkedin.com/feed/update/urn%3Ali%3AugcPost%3A7110002578658050050
2023-09-20 19:10:29,LIKE,https://www.linkedin.com/feed/update/urn%3Ali%3Aactivity%3A7109917969224208384
2023-09-20 19:10:18,LIKE,https://www.linkedin.com/feed/update/urn%3Ali%3Aactivity%3A7110244188000034816
2023-09-20 19:10:06,LIKE,https://www.linkedin.com/feed/update/urn%3Ali%3Aactivity%3A7109629000414638080
2023-09-20 19:10:00,LIKE,https://www.linkedin.com/feed/update/urn%3Ali%3AugcPost%3A7109680753558401025
2023-09-20 18:58:00,LIKE,https://www.linkedin.com/feed/update/urn%3Ali%3Aactivity%3A7110291309843611650
2023-09-18 19:41:52,LIKE,https://www.linkedin.com/feed/update/urn%3Ali%3Aactivity%3A7102303893832777728
2023-09-18 19:37:30,LIKE,https://www.linkedin.com/feed/update/urn%3Ali%3Aactivity%3A7109529566695571456
2023-09-18 19:35:01,LIKE,https://www.linkedin.com/feed/update/urn%3Ali%3Aactivity%3A7108560021243768832
2023-09-18 19:33:41,LIKE,https://www.linkedin.com/feed/update/urn%3Ali%3Aactivity%3A7109565129649795072
2023-09-18 19:32:50,LIKE,https://www.linkedin.com/feed/update/urn%3Ali%3AgroupPost%3A6744403-7105615555834896386
2023-09-18 19:28:55,LIKE,https://www.linkedin.com/feed/update/urn%3Ali%3AugcPost%3A7109539324089499649
2023-09-18 19:27:23,LIKE,https://www.linkedin.com/feed/update/urn%3Ali%3Aactivity%3A7108581225753194496
2023-09-18 19:26:29,LIKE,https://www.linkedin.com/feed/update/urn%3Ali%3Aactivity%3A7098094167796367360
2023-09-18 19:23:30,LIKE,https://www.linkedin.com/feed/update/urn%3Ali%3Aactivity%3A7109617417936379905
2023-09-18 19:21:08,LIKE,https://www.linkedin.com/feed/update/urn%3Ali%3AugcPost%3A7109566047623528448
2023-09-18 19:20:44,LIKE,https://www.linkedin.com/feed/update/urn%3Ali%3Aactivity%3A7109589057839456256
2023-09-18 19:20:09,LIKE,https://www.linkedin.com/feed/update/urn%3Ali%3Aactivity%3A7108570244457111552
2023-09-15 19:56:14,LIKE,https://www.linkedin.com/feed/update/urn%3Ali%3Aactivity%3A7094288180132110336
2023-09-15 19:54:32,LIKE,https://www.linkedin.com/feed/update/urn%3Ali%3AugcPost%3A7104553677717200896
2023-09-15 19:49:56,LIKE,https://www.linkedin.com/feed/update/urn%3Ali%3Aactivity%3A7108449609793888256
2023-09-15 19:49:51,LIKE,https://www.linkedin.com/feed/update/urn%3Ali%3AugcPost%3A7104853062418128896
2023-09-15 19:49:40,ENTERTAINMENT,https://www.linkedin.com/feed/update/urn%3Ali%3AugcPost%3A7108481987258036224
2023-09-15 19:43:20,LIKE,https://www.linkedin.com/feed/update/urn%3Ali%3Aactivity%3A7104876900447088640
2023-09-15 19:41:53,LIKE,https://www.linkedin.com/feed/update/urn%3Ali%3Aactivity%3A7108149193772314624
2023-09-15 19:41:02,LIKE,https://www.linkedin.com/feed/update/urn%3Ali%3Aactivity%3A7105200047155265539
2023-09-15 19:40:26,LIKE,https://www.linkedin.com/feed/update/urn%3Ali%3AgroupPost%3A6613456-7105170335011905536
2023-09-15 19:32:22,PRAISE,https://www.linkedin.com/feed/update/urn%3Ali%3Aactivity%3A7108199208465104896
2023-09-15 19:31:11,LIKE,https://www.linkedin.com/feed/update/urn%3Ali%3AgroupPost%3A3901022-7108476313014841345
2023-09-15 19:31:09,LIKE,https://www.linkedin.com/feed/update/urn%3Ali%3AugcPost%3A7106975183940333569
2023-09-15 19:31:01,LIKE,https://www.linkedin.com/feed/update/urn%3Ali%3Aactivity%3A7099809174833758211
2023-09-15 19:29:48,LIKE,https://www.linkedin.com/feed/update/urn%3Ali%3Aactivity%3A7108528266856083456
2023-09-15 19:03:06,LIKE,https://www.linkedin.com/feed/update/urn%3Ali%3Aactivity%3A7103080416886042624
2023-09-15 18:57:10,LIKE,https://www.linkedin.com/feed/update/urn%3Ali%3AugcPost%3A7108442665200812032
2023-09-15 18:56:19,LIKE,https://www.linkedin.com/feed/update/urn%3Ali%3AugcPost%3A7092524606778937344
2023-09-15 18:55:41,LIKE,https://www.linkedin.com/feed/update/urn%3Ali%3AugcPost%3A7108458792538845184
2023-09-14 20:18:13,LIKE,https://www.linkedin.com/feed/update/urn%3Ali%3AgroupPost%3A3901022-7107831019768061953
2023-09-14 20:17:43,LIKE,https://www.linkedin.com/feed/update/urn%3Ali%3Aactivity%3A7108079453011873792
2023-09-14 20:16:53,LIKE,https://www.linkedin.com/feed/update/urn%3Ali%3AgroupPost%3A3901022-7108068844031606785
2023-09-14 20:03:36,LIKE,https://www.linkedin.com/feed/update/urn%3Ali%3Aactivity%3A7108158021859487745
2023-09-14 19:59:48,ENTERTAINMENT,https://www.linkedin.com/feed/update/urn%3Ali%3Aactivity%3A7107392525757243392
2023-09-14 19:57:48,LIKE,https://www.linkedin.com/feed/update/urn%3Ali%3AugcPost%3A7103135263626776576
2023-09-14 19:57:28,LIKE,https://www.linkedin.com/feed/update/urn%3Ali%3Aactivity%3A7100491959487635456
2023-09-14 19:57:15,LIKE,https://www.linkedin.com/feed/update/urn%3Ali%3AugcPost%3A7104824488826957824
2023-09-14 19:56:58,EMPATHY,https://www.linkedin.com/feed/update/urn%3Ali%3AugcPost%3A7107793685714472962
2023-09-14 19:56:05,LIKE,https://www.linkedin.com/feed/update/urn%3Ali%3AugcPost%3A7107892779388694529
2023-09-14 19:55:17,LIKE,https://www.linkedin.com/feed/update/urn%3Ali%3Aactivity%3A7107475444219670528
2023-09-14 19:51:35,LIKE,https://www.linkedin.com/feed/update/urn%3Ali%3AugcPost%3A7108094224029380608
2023-09-14 19:50:49,LIKE,https://www.linkedin.com/feed/update/urn%3Ali%3Aactivity%3A7088174248292196352
2023-09-14 19:48:59,ENTERTAINMENT,https://www.linkedin.com/feed/update/urn%3Ali%3Aactivity%3A7100851796616617985
2023-09-14 19:48:47,LIKE,https://www.linkedin.com/feed/update/urn%3Ali%3Aactivity%3A7108117192570761218
2023-09-14 19:48:27,LIKE,https://www.linkedin.com/feed/update/urn%3Ali%3Aactivity%3A7104187502084657152
2023-09-14 19:48:16,LIKE,https://www.linkedin.com/feed/update/urn%3Ali%3AugcPost%3A7106083736001093632
2023-09-14 19:47:51,LIKE,https://www.linkedin.com/feed/update/urn%3Ali%3AugcPost%3A7107500610932854784
2023-09-14 19:47:14,LIKE,https://www.linkedin.com/feed/update/urn%3Ali%3AgroupPost%3A12703349-7108167911243984896
2023-09-14 19:44:59,LIKE,https://www.linkedin.com/feed/update/urn%3Ali%3AgroupPost%3A3901022-7108068478351216640
2023-09-14 19:44:56,LIKE,https://www.linkedin.com/feed/update/urn%3Ali%3Aactivity%3A7107865837713207296
2023-09-14 19:44:54,LIKE,https://www.linkedin.com/feed/update/urn%3Ali%3AugcPost%3A7107428040053301250
2023-09-14 19:44:33,LIKE,https://www.linkedin.com/feed/update/urn%3Ali%3Aactivity%3A7107847464325439488
2023-09-14 19:44:28,LIKE,https://www.linkedin.com/feed/update/urn%3Ali%3Aactivity%3A7108155097301360641
2023-09-14 19:43:10,LIKE,https://www.linkedin.com/feed/update/urn%3Ali%3Aactivity%3A7108081312313278466
2023-09-14 19:42:49,LIKE,https://www.linkedin.com/feed/update/urn%3Ali%3AugcPost%3A7108077916176986113
2023-09-13 19:40:24,LIKE,https://www.linkedin.com/feed/update/urn%3Ali%3AgroupPost%3A3901022-7107798432739696642
2023-09-13 19:38:48,LIKE,https://www.linkedin.com/feed/update/urn%3Ali%3Aactivity%3A7107756614715125760
2023-09-13 19:28:19,LIKE,https://www.linkedin.com/feed/update/urn%3Ali%3Aactivity%3A7107797412458430465
2023-09-13 19:18:04,LIKE,https://www.linkedin.com/feed/update/urn%3Ali%3Aactivity%3A7107717086398885888
2023-09-13 19:17:24,LIKE,https://www.linkedin.com/feed/update/urn%3Ali%3Aactivity%3A7107748733257199616
2023-09-13 19:17:16,LIKE,https://www.linkedin.com/feed/update/urn%3Ali%3Aactivity%3A7104722890847088641
2023-09-13 19:17:03,LIKE,https://www.linkedin.com/feed/update/urn%3Ali%3Aactivity%3A7107142478570364928
2023-09-13 19:16:00,ENTERTAINMENT,https://www.linkedin.com/feed/update/urn%3Ali%3AugcPost%3A7107705021231697920
2023-09-13 18:48:31,LIKE,https://www.linkedin.com/feed/update/urn%3Ali%3Aactivity%3A7107699781472301056
2023-09-13 18:43:07,ENTERTAINMENT,https://www.linkedin.com/feed/update/urn%3Ali%3Aactivity%3A7107724756417679361
2023-09-12 19:56:05,LIKE,https://www.linkedin.com/feed/update/urn%3Ali%3AugcPost%3A7102660714841956352
2023-09-12 19:54:48,LIKE,https://www.linkedin.com/feed/update/urn%3Ali%3AugcPost%3A7102384516433887232
2023-09-12 19:54:27,LIKE,https://www.linkedin.com/feed/update/urn%3Ali%3Aactivity%3A7105631370684596224
2023-09-12 19:54:06,LIKE,https://www.linkedin.com/feed/update/urn%3Ali%3AugcPost%3A7107361211339407360
2023-09-12 19:53:33,LIKE,https://www.linkedin.com/feed/update/urn%3Ali%3AugcPost%3A7107129216449556481
2023-09-12 19:53:24,LIKE,https://www.linkedin.com/feed/update/urn%3Ali%3Aactivity%3A7098317641747972096
2023-09-12 19:53:22,LIKE,https://www.linkedin.com/feed/update/urn%3Ali%3Aactivity%3A7104115697932247040
2023-09-12 19:53:05,LIKE,https://www.linkedin.com/feed/update/urn%3Ali%3AugcPost%3A7105924955183153152
2023-09-12 19:52:57,LIKE,https://www.linkedin.com/feed/update/urn%3Ali%3AugcPost%3A7107213503890911232
2023-09-12 19:52:45,LIKE,https://www.linkedin.com/feed/update/urn%3Ali%3AugcPost%3A7106084161764896768
2023-09-12 19:52:17,LIKE,https://www.linkedin.com/feed/update/urn%3Ali%3Aactivity%3A7102303895133073409
2023-09-12 19:51:18,LIKE,https://www.linkedin.com/feed/update/urn%3Ali%3AugcPost%3A7106051739203571712
2023-09-12 19:50:39,LIKE,https://www.linkedin.com/feed/update/urn%3Ali%3Aactivity%3A7107000342466244608
2023-09-12 19:49:28,LIKE,https://www.linkedin.com/feed/update/urn%3Ali%3AugcPost%3A7107159431536091137
2023-09-12 19:49:22,LIKE,https://www.linkedin.com/feed/update/urn%3Ali%3Aactivity%3A7107198657430454273
2023-09-12 19:48:17,LIKE,https://www.linkedin.com/feed/update/urn%3Ali%3Aactivity%3A7106971264551989248
2023-09-12 19:43:49,LIKE,https://www.linkedin.com/feed/update/urn%3Ali%3AugcPost%3A7107344563257667585
2023-09-12 19:43:31,LIKE,https://www.linkedin.com/feed/update/urn%3Ali%3Aactivity%3A7107409593521090560
2023-09-12 19:43:02,LIKE,https://www.linkedin.com/feed/update/urn%3Ali%3Aactivity%3A7107160926734151680
2023-09-12 19:42:26,ENTERTAINMENT,https://www.linkedin.com/feed/update/urn%3Ali%3Aactivity%3A7107055125239619585
2023-09-12 19:41:48,LIKE,https://www.linkedin.com/feed/update/urn%3Ali%3AugcPost%3A7107096997702078464
2023-09-12 19:41:38,LIKE,https://www.linkedin.com/feed/update/urn%3Ali%3Aactivity%3A7107395723788230658
2023-09-11 19:52:52,LIKE,https://www.linkedin.com/feed/update/urn%3Ali%3AgroupPost%3A3901022-7107082715841064961
2023-09-11 19:46:25,LIKE,https://www.linkedin.com/feed/update/urn%3Ali%3Aactivity%3A7106589952854929408
2023-09-11 19:46:05,LIKE,https://www.linkedin.com/feed/update/urn%3Ali%3Aactivity%3A7106699140847267840
2023-09-11 19:45:12,LIKE,https://www.linkedin.com/feed/update/urn%3Ali%3Aactivity%3A7104913886385954816
2023-09-11 19:40:27,ENTERTAINMENT,https://www.linkedin.com/feed/update/urn%3Ali%3Aactivity%3A7107000098009534464
2023-09-11 19:39:32,LIKE,https://www.linkedin.com/feed/update/urn%3Ali%3Aactivity%3A7107083392457826306
2023-09-11 19:35:26,LIKE,https://www.linkedin.com/feed/update/urn%3Ali%3AugcPost%3A7105549042679492608
2023-09-11 19:34:46,LIKE,https://www.linkedin.com/feed/update/urn%3Ali%3Aactivity%3A7107004953746944000
2023-09-11 19:29:04,LIKE,https://www.linkedin.com/feed/update/urn%3Ali%3Aactivity%3A7106040664248791040
2023-09-11 19:23:53,LIKE,https://www.linkedin.com/feed/update/urn%3Ali%3AugcPost%3A7105912510934867968
2023-09-11 19:21:52,LIKE,https://www.linkedin.com/feed/update/urn%3Ali%3Aactivity%3A7106985866220175360
2023-09-11 19:20:51,LIKE,https://www.linkedin.com/feed/update/urn%3Ali%3AugcPost%3A7107065766033653761
2023-09-11 19:20:19,ENTERTAINMENT,https://www.linkedin.com/feed/update/urn%3Ali%3Aactivity%3A7106990075497885697
2023-09-11 19:19:43,LIKE,https://www.linkedin.com/feed/update/urn%3Ali%3AugcPost%3A7107013663781269504
2023-09-11 12:28:47,LIKE,https://www.linkedin.com/feed/update/urn%3Ali%3Aactivity%3A7106806669287796736
2023-09-11 12:27:47,LIKE,https://www.linkedin.com/feed/update/urn%3Ali%3AugcPost%3A7103994729020731392
2023-09-11 12:27:43,LIKE,https://www.linkedin.com/feed/update/urn%3Ali%3Aactivity%3A7106623810354708480
2023-09-08 20:18:47,LIKE,https://www.linkedin.com/feed/update/urn%3Ali%3Aactivity%3A7106003268207546368
2023-09-08 20:18:24,LIKE,https://www.linkedin.com/feed/update/urn%3Ali%3Aactivity%3A7038516074690031616
2023-09-08 20:18:10,LIKE,https://www.linkedin.com/feed/update/urn%3Ali%3AgroupPost%3A12703349-7106003862271987712
2023-09-08 20:18:06,LIKE,https://www.linkedin.com/feed/update/urn%3Ali%3AugcPost%3A7105586543137861632
2023-09-08 20:18:00,LIKE,https://www.linkedin.com/feed/update/urn%3Ali%3AugcPost%3A7105877897424302080
2023-09-08 20:16:08,LIKE,https://www.linkedin.com/feed/update/urn%3Ali%3Aactivity%3A7104852518500806657
2023-09-08 20:15:54,LIKE,https://www.linkedin.com/feed/update/urn%3Ali%3Aactivity%3A7105643446467461120
2023-09-08 20:15:17,LIKE,https://www.linkedin.com/feed/update/urn%3Ali%3Aactivity%3A7100975924933763073
2023-09-08 20:15:14,LIKE,https://www.linkedin.com/feed/update/urn%3Ali%3Aactivity%3A7104677655127449601
2023-09-08 18:48:43,LIKE,https://www.linkedin.com/feed/update/urn%3Ali%3AugcPost%3A7099767630844051457
2023-09-08 18:44:40,LIKE,https://www.linkedin.com/feed/update/urn%3Ali%3AgroupPost%3A12703349-7104547451704872960
2023-09-08 18:44:12,LIKE,https://www.linkedin.com/feed/update/urn%3Ali%3AgroupPost%3A12703349-7105644570784247808
2023-09-08 18:43:37,LIKE,https://www.linkedin.com/feed/update/urn%3Ali%3AugcPost%3A7103486880595230720
2023-09-08 18:43:07,LIKE,https://www.linkedin.com/feed/update/urn%3Ali%3Aactivity%3A7105680027068870656
2023-09-08 18:43:03,LIKE,https://www.linkedin.com/feed/update/urn%3Ali%3Aactivity%3A7105255890647195648
2023-09-08 18:42:47,LIKE,https://www.linkedin.com/feed/update/urn%3Ali%3Aactivity%3A7100493627306455040
2023-09-08 18:42:27,APPRECIATION,https://www.linkedin.com/feed/update/urn%3Ali%3Aactivity%3A7105895852828721152
2023-09-08 18:41:39,ENTERTAINMENT,https://www.linkedin.com/feed/update/urn%3Ali%3Aactivity%3A7105552707779723264
2023-09-08 18:41:22,ENTERTAINMENT,https://www.linkedin.com/feed/update/urn%3Ali%3Aactivity%3A7104106643650428928
2023-09-08 18:41:11,ENTERTAINMENT,https://www.linkedin.com/feed/update/urn%3Ali%3Aactivity%3A7105943410900971520
2023-09-08 18:40:43,ENTERTAINMENT,https://www.linkedin.com/feed/update/urn%3Ali%3AgroupPost%3A3901022-7105968260436684800
2023-09-08 18:40:34,LIKE,https://www.linkedin.com/feed/update/urn%3Ali%3Aactivity%3A7105982093536456704
2023-09-08 18:32:04,LIKE,https://www.linkedin.com/feed/update/urn%3Ali%3Aactivity%3A7104674508560551936
2023-09-08 18:31:58,LIKE,https://www.linkedin.com/feed/update/urn%3Ali%3AugcPost%3A7105727196463296512
2023-09-08 18:31:52,LIKE,https://www.linkedin.com/feed/update/urn%3Ali%3AugcPost%3A7105490088079310848
2023-09-08 18:30:50,LIKE,https://www.linkedin.com/feed/update/urn%3Ali%3Aactivity%3A7105159237617500161
2023-09-08 18:27:46,ENTERTAINMENT,https://www.linkedin.com/feed/update/urn%3Ali%3Aactivity%3A7105572625715720192
2023-09-08 18:27:16,ENTERTAINMENT,https://www.linkedin.com/feed/update/urn%3Ali%3Aactivity%3A7105890034578259968
2023-09-08 18:26:44,LIKE,https://www.linkedin.com/feed/update/urn%3Ali%3AugcPost%3A7105950440067903488
2023-09-08 18:26:22,LIKE,https://www.linkedin.com/feed/update/urn%3Ali%3Aactivity%3A7105905154863816704
2023-09-07 20:14:33,LIKE,https://www.linkedin.com/feed/update/urn%3Ali%3Aactivity%3A7101289412457562112
2023-09-07 20:12:07,LIKE,https://www.linkedin.com/feed/update/urn%3Ali%3Aactivity%3A7104586802224623616
2023-09-07 20:12:02,LIKE,https://www.linkedin.com/feed/update/urn%3Ali%3Aactivity%3A7105186468549079041
2023-09-07 20:11:58,LIKE,https://www.linkedin.com/feed/update/urn%3Ali%3AugcPost%3A7105269681908834304
2023-09-07 20:10:53,LIKE,https://www.linkedin.com/feed/update/urn%3Ali%3AugcPost%3A7097215549050413057
2023-09-07 20:10:45,LIKE,https://www.linkedin.com/feed/update/urn%3Ali%3AugcPost%3A7104928617561759744
2023-09-07 20:09:59,LIKE,https://www.linkedin.com/feed/update/urn%3Ali%3Aactivity%3A7104573462928588800
2023-09-07 19:51:45,LIKE,https://www.linkedin.com/feed/update/urn%3Ali%3Aactivity%3A7105603034646261760?commentUrn=urn%3Ali%3Acomment%3A%28activity%3A7105603034646261760%2C7105638449776332800%29
2023-09-07 19:50:49,LIKE,https://www.linkedin.com/feed/update/urn%3Ali%3Aactivity%3A7105538087081902081
2023-09-07 19:49:46,LIKE,https://www.linkedin.com/feed/update/urn%3Ali%3AugcPost%3A7105375066405638144
2023-09-07 19:49:39,LIKE,https://www.linkedin.com/feed/update/urn%3Ali%3Aactivity%3A7103155441601245185
2023-09-07 19:49:33,LIKE,https://www.linkedin.com/feed/update/urn%3Ali%3Aactivity%3A7104569207568162816
2023-09-07 19:33:46,LIKE,https://www.linkedin.com/feed/update/urn%3Ali%3Aactivity%3A7104944972050616321
2023-09-07 19:33:31,ENTERTAINMENT,https://www.linkedin.com/feed/update/urn%3Ali%3Aactivity%3A7104618413930479616
2023-09-07 19:33:20,LIKE,https://www.linkedin.com/feed/update/urn%3Ali%3Aactivity%3A7104886606020395008
2023-09-07 19:33:03,LIKE,https://www.linkedin.com/feed/update/urn%3Ali%3AugcPost%3A7105531255894540288
2023-09-07 19:31:05,LIKE,https://www.linkedin.com/feed/update/urn%3Ali%3AugcPost%3A7105245163920195584
2023-09-07 19:22:55,ENTERTAINMENT,https://www.linkedin.com/feed/update/urn%3Ali%3AgroupPost%3A13927947-7096896958073561088
2023-09-07 19:22:50,LIKE,https://www.linkedin.com/feed/update/urn%3Ali%3Aactivity%3A7105545316434665476
2023-09-07 19:22:24,LIKE,https://www.linkedin.com/feed/update/urn%3Ali%3Aactivity%3A7103093736754073600
2023-09-07 19:21:38,LIKE,https://www.linkedin.com/feed/update/urn%3Ali%3Aactivity%3A7105325211612295168
2023-09-07 19:21:33,LIKE,https://www.linkedin.com/feed/update/urn%3Ali%3Aactivity%3A7105572640328757248
2023-09-07 19:21:27,LIKE,https://www.linkedin.com/feed/update/urn%3Ali%3AgroupPost%3A3901022-7105525962468995072
2023-09-07 19:21:21,LIKE,https://www.linkedin.com/feed/update/urn%3Ali%3Aactivity%3A7104516010518409216
2023-09-07 19:19:00,LIKE,https://www.linkedin.com/feed/update/urn%3Ali%3AugcPost%3A7105171682771779584
2023-09-07 19:18:50,LIKE,https://www.linkedin.com/feed/update/urn%3Ali%3Aactivity%3A7105546847204651008
2023-09-07 19:18:42,ENTERTAINMENT,https://www.linkedin.com/feed/update/urn%3Ali%3Aactivity%3A7105512529950310400
2023-09-07 19:16:58,LIKE,https://www.linkedin.com/feed/update/urn%3Ali%3Aactivity%3A7105323160870227968
2023-09-05 20:49:08,LIKE,https://www.linkedin.com/feed/update/urn%3Ali%3Aactivity%3A7104641562726260737
2023-09-05 20:32:28,LIKE,https://www.linkedin.com/feed/update/urn%3Ali%3Aactivity%3A7101962182946385920
2023-09-05 20:29:04,LIKE,https://www.linkedin.com/feed/update/urn%3Ali%3Aactivity%3A7104922762242088961
2023-09-05 20:26:41,ENTERTAINMENT,https://www.linkedin.com/feed/update/urn%3Ali%3AgroupPost%3A13927947-7103105325368504320
2023-09-05 20:24:59,LIKE,https://www.linkedin.com/feed/update/urn%3Ali%3AugcPost%3A7103039362656854016
2023-09-05 20:19:43,LIKE,https://www.linkedin.com/feed/update/urn%3Ali%3Aactivity%3A7095131057716441088
2023-09-05 20:18:32,LIKE,https://www.linkedin.com/feed/update/urn%3Ali%3Aactivity%3A7103373724917149696
2023-09-05 20:18:19,LIKE,https://www.linkedin.com/feed/update/urn%3Ali%3Aactivity%3A7104917451418546177
2023-09-05 19:57:48,LIKE,https://www.linkedin.com/feed/update/urn%3Ali%3Aactivity%3A7104896519274717186
2023-09-05 19:53:58,LIKE,https://www.linkedin.com/feed/update/urn%3Ali%3Aactivity%3A7101940668767309824
2023-09-05 19:52:45,LIKE,https://www.linkedin.com/feed/update/urn%3Ali%3Aactivity%3A7104464073215361024
2023-09-05 19:51:55,LIKE,https://www.linkedin.com/feed/update/urn%3Ali%3Aactivity%3A7104815844936867840
2023-09-05 19:20:24,LIKE,https://www.linkedin.com/feed/update/urn%3Ali%3Aactivity%3A7104466692566581249
2023-09-05 19:19:34,LIKE,https://www.linkedin.com/feed/update/urn%3Ali%3Aactivity%3A7104466043066081282
2023-09-05 19:19:17,LIKE,https://www.linkedin.com/feed/update/urn%3Ali%3Aactivity%3A7104893346086608897
2023-09-05 19:18:19,LIKE,https://www.linkedin.com/feed/update/urn%3Ali%3Aactivity%3A7103753439850958848
2023-09-04 19:20:17,LIKE,https://www.linkedin.com/feed/update/urn%3Ali%3AugcPost%3A7097300869020303361
2023-09-04 19:20:00,LIKE,https://www.linkedin.com/feed/update/urn%3Ali%3Aactivity%3A7104452596588851200
2023-09-04 19:18:23,LIKE,https://www.linkedin.com/feed/update/urn%3Ali%3Aactivity%3A7102276742647586816
2023-09-04 19:17:47,LIKE,https://www.linkedin.com/feed/update/urn%3Ali%3AugcPost%3A7093290841544245248
2023-09-04 19:17:34,LIKE,https://www.linkedin.com/feed/update/urn%3Ali%3Aactivity%3A7103069585045647360
2023-09-04 19:17:25,LIKE,https://www.linkedin.com/feed/update/urn%3Ali%3AugcPost%3A7096870051248521217
2023-09-04 19:17:11,LIKE,https://www.linkedin.com/feed/update/urn%3Ali%3AugcPost%3A7101942871699693570
2023-09-04 19:17:02,LIKE,https://www.linkedin.com/feed/update/urn%3Ali%3AugcPost%3A7095799832962867200
2023-09-04 19:16:59,LIKE,https://www.linkedin.com/feed/update/urn%3Ali%3Aactivity%3A7100838485862850561
2023-09-04 19:16:43,ENTERTAINMENT,https://www.linkedin.com/feed/update/urn%3Ali%3AugcPost%3A7100843578179956738
2023-09-04 19:16:10,LIKE,https://www.linkedin.com/feed/update/urn%3Ali%3AugcPost%3A7101924191527968768
2023-09-04 19:15:39,PRAISE,https://www.linkedin.com/feed/update/urn%3Ali%3AugcPost%3A7102015274551291904
2023-09-04 19:15:24,ENTERTAINMENT,https://www.linkedin.com/feed/update/urn%3Ali%3Aactivity%3A7104475991489589249
2023-09-04 19:14:53,LIKE,https://www.linkedin.com/feed/update/urn%3Ali%3AugcPost%3A7102647802379300864
2023-09-04 19:14:38,LIKE,https://www.linkedin.com/feed/update/urn%3Ali%3AugcPost%3A7100550160534884353
2023-09-04 19:14:27,LIKE,https://www.linkedin.com/feed/update/urn%3Ali%3Aactivity%3A7100054295504388098
2023-09-04 19:14:11,LIKE,https://www.linkedin.com/feed/update/urn%3Ali%3Aactivity%3A7103119351498584064
2023-09-04 19:14:03,LIKE,https://www.linkedin.com/feed/update/urn%3Ali%3Aactivity%3A7097215392451862528
2023-09-04 19:13:42,LIKE,https://www.linkedin.com/feed/update/urn%3Ali%3Aactivity%3A7103139614315405312
2023-09-04 19:13:17,LIKE,https://www.linkedin.com/feed/update/urn%3Ali%3Aactivity%3A7100801506722856960
2023-09-04 19:13:12,LIKE,https://www.linkedin.com/feed/update/urn%3Ali%3Aactivity%3A7104357592365240320
2023-09-04 19:13:08,LIKE,https://www.linkedin.com/feed/update/urn%3Ali%3Aactivity%3A7102687971706871808
2023-09-04 19:13:05,LIKE,https://www.linkedin.com/feed/update/urn%3Ali%3AugcPost%3A7097303454456381440
2023-09-04 19:13:00,LIKE,https://www.linkedin.com/feed/update/urn%3Ali%3Aactivity%3A7101945289321672704
2023-09-04 19:12:54,LIKE,https://www.linkedin.com/feed/update/urn%3Ali%3Aactivity%3A7103051348153151488
2023-09-04 19:12:47,LIKE,https://www.linkedin.com/feed/update/urn%3Ali%3Aactivity%3A7094082212337266689
2023-09-04 19:12:45,LIKE,https://www.linkedin.com/feed/update/urn%3Ali%3Aactivity%3A7103416827027820544
2023-09-04 19:12:31,LIKE,https://www.linkedin.com/feed/update/urn%3Ali%3Aactivity%3A7100600333231366144
2023-09-04 19:11:46,LIKE,https://www.linkedin.com/feed/update/urn%3Ali%3Aactivity%3A7104473296057815040
2023-09-04 19:03:40,LIKE,https://www.linkedin.com/feed/update/urn%3Ali%3Aactivity%3A7102675346721783808
2023-09-04 19:03:19,LIKE,https://www.linkedin.com/feed/update/urn%3Ali%3AugcPost%3A7100506578167984128
2023-09-04 19:03:13,LIKE,https://www.linkedin.com/feed/update/urn%3Ali%3Aactivity%3A7103472621811322881
2023-09-04 19:03:03,LIKE,https://www.linkedin.com/feed/update/urn%3Ali%3AugcPost%3A7095772786966560768
2023-09-04 19:02:49,LIKE,https://www.linkedin.com/feed/update/urn%3Ali%3Aactivity%3A7095467407502172160
2023-09-04 19:02:46,ENTERTAINMENT,https://www.linkedin.com/feed/update/urn%3Ali%3AgroupPost%3A13927947-7084888163646611456
2023-09-04 19:02:39,ENTERTAINMENT,https://www.linkedin.com/feed/update/urn%3Ali%3Aactivity%3A7102213292089049088
2023-09-04 19:02:34,LIKE,https://www.linkedin.com/feed/update/urn%3Ali%3AugcPost%3A7100502300405751808
2023-09-04 19:02:25,LIKE,https://www.linkedin.com/feed/update/urn%3Ali%3AgroupPost%3A13927947-7103466228656021504
2023-09-04 19:02:20,LIKE,https://www.linkedin.com/feed/update/urn%3Ali%3Aactivity%3A7103077137649156097
2023-09-04 19:01:50,LIKE,https://www.linkedin.com/feed/update/urn%3Ali%3Aactivity%3A7102636300662374401
2023-09-04 19:01:39,LIKE,https://www.linkedin.com/feed/update/urn%3Ali%3AugcPost%3A7102326493761929216
2023-09-04 19:01:04,LIKE,https://www.linkedin.com/feed/update/urn%3Ali%3Aactivity%3A7104191323808657408
2023-09-04 18:59:59,LIKE,https://www.linkedin.com/feed/update/urn%3Ali%3AugcPost%3A7095854446550642690
2023-09-04 18:59:57,LIKE,https://www.linkedin.com/feed/update/urn%3Ali%3Aactivity%3A7104097627436167169
2023-09-04 18:59:56,LIKE,https://www.linkedin.com/feed/update/urn%3Ali%3AugcPost%3A7102998785399664640
2023-09-04 18:59:53,LIKE,https://www.linkedin.com/feed/update/urn%3Ali%3Aactivity%3A7102769834051948545
2023-09-04 18:59:50,LIKE,https://www.linkedin.com/feed/update/urn%3Ali%3Aactivity%3A7098413444973965312
2023-09-04 18:59:25,LIKE,https://www.linkedin.com/feed/update/urn%3Ali%3Aactivity%3A7099503651773120514
2023-09-04 18:59:19,LIKE,https://www.linkedin.com/feed/update/urn%3Ali%3AugcPost%3A7087772875767619584
2023-09-04 18:59:17,LIKE,https://www.linkedin.com/feed/update/urn%3Ali%3AugcPost%3A7100262927374413825
2023-09-04 18:59:10,LIKE,https://www.linkedin.com/feed/update/urn%3Ali%3Aactivity%3A7104414113929310209
2023-09-04 18:59:08,LIKE,https://www.linkedin.com/feed/update/urn%3Ali%3Aactivity%3A7099140543452000256
2023-09-04 18:58:50,ENTERTAINMENT,https://www.linkedin.com/feed/update/urn%3Ali%3Aactivity%3A7101397917277560832
2023-09-04 18:58:38,LIKE,https://www.linkedin.com/feed/update/urn%3Ali%3AugcPost%3A7100934067721793536
2023-09-04 18:57:30,LIKE,https://www.linkedin.com/feed/update/urn%3Ali%3AugcPost%3A7100589869151727616
2023-09-04 18:57:24,LIKE,https://www.linkedin.com/feed/update/urn%3Ali%3Aactivity%3A7102665593522176000
2023-09-04 18:56:26,LIKE,https://www.linkedin.com/feed/update/urn%3Ali%3Aactivity%3A7104473600501428224
2023-09-04 18:56:18,LIKE,https://www.linkedin.com/feed/update/urn%3Ali%3AugcPost%3A7095847366020206592
2023-09-04 18:56:09,LIKE,https://www.linkedin.com/feed/update/urn%3Ali%3Aactivity%3A7100063496502939648
2023-09-04 18:55:54,LIKE,https://www.linkedin.com/feed/update/urn%3Ali%3AugcPost%3A7104425105161633792
2023-09-04 18:55:26,LIKE,https://www.linkedin.com/feed/update/urn%3Ali%3Aactivity%3A7104221523669921794
2023-09-04 18:54:47,LIKE,https://www.linkedin.com/feed/update/urn%3Ali%3AugcPost%3A7103428908573687808
2023-09-04 18:54:41,LIKE,https://www.linkedin.com/feed/update/urn%3Ali%3AugcPost%3A7102387313619443712
2023-09-04 18:54:29,LIKE,https://www.linkedin.com/feed/update/urn%3Ali%3AugcPost%3A7098967245912965121
2023-09-04 18:54:26,LIKE,https://www.linkedin.com/feed/update/urn%3Ali%3Aactivity%3A7101651200520970240
2023-09-04 18:54:10,LIKE,https://www.linkedin.com/feed/update/urn%3Ali%3Aactivity%3A7096973775782522880
2023-09-04 18:54:04,LIKE,https://www.linkedin.com/feed/update/urn%3Ali%3Aactivity%3A7104198873367085056
2023-09-04 18:53:55,LIKE,https://www.linkedin.com/feed/update/urn%3Ali%3Aactivity%3A7101941511700779009
2023-09-04 18:53:47,LIKE,https://www.linkedin.com/feed/update/urn%3Ali%3AugcPost%3A7104440285887107072
2023-09-04 18:53:36,LIKE,https://www.linkedin.com/feed/update/urn%3Ali%3AugcPost%3A7104477899394568193
2023-09-04 18:53:20,LIKE,https://www.linkedin.com/feed/update/urn%3Ali%3AugcPost%3A7099854727152062465
2023-09-04 18:52:54,LIKE,https://www.linkedin.com/feed/update/urn%3Ali%3Aactivity%3A7095017502572785664
2023-09-04 18:52:43,LIKE,https://www.linkedin.com/feed/update/urn%3Ali%3AugcPost%3A7104497278794502145
2023-09-04 18:52:29,LIKE,https://www.linkedin.com/feed/update/urn%3Ali%3AgroupPost%3A13927947-7103491000869756928
2023-09-04 18:52:24,LIKE,https://www.linkedin.com/feed/update/urn%3Ali%3Aactivity%3A7104497235307970560
2023-09-04 18:52:10,LIKE,https://www.linkedin.com/feed/update/urn%3Ali%3AugcPost%3A7095506728724668416
2023-09-04 18:52:10,LIKE,https://www.linkedin.com/feed/update/urn%3Ali%3Aactivity%3A7104372603078795264
2023-09-04 18:51:53,LIKE,https://www.linkedin.com/feed/update/urn%3Ali%3Aactivity%3A7099435187821793281
2023-09-04 18:51:17,LIKE,https://www.linkedin.com/feed/update/urn%3Ali%3Aactivity%3A7104472046541115393
2023-09-04 18:50:59,LIKE,https://www.linkedin.com/feed/update/urn%3Ali%3AugcPost%3A7100944320928620544
2023-09-04 18:50:44,LIKE,https://www.linkedin.com/feed/update/urn%3Ali%3Aactivity%3A7104467616924102657
2023-09-04 18:50:39,LIKE,https://www.linkedin.com/feed/update/urn%3Ali%3Aactivity%3A7104496890544570369
2023-09-04 18:50:33,ENTERTAINMENT,https://www.linkedin.com/feed/update/urn%3Ali%3Aactivity%3A7104470340562530308
2023-09-04 18:50:24,LIKE,https://www.linkedin.com/feed/update/urn%3Ali%3Aactivity%3A7100356047965478912
2023-09-04 18:50:16,LIKE,https://www.linkedin.com/feed/update/urn%3Ali%3AgroupPost%3A13927947-7095798938548457472
2023-09-04 18:49:32,LIKE,https://www.linkedin.com/feed/update/urn%3Ali%3Aactivity%3A7101884879314808832
2023-09-04 18:49:26,LIKE,https://www.linkedin.com/feed/update/urn%3Ali%3AugcPost%3A7102406908325560320
2023-09-01 20:53:36,LIKE,https://www.linkedin.com/feed/update/urn%3Ali%3Aactivity%3A7103112686086828032
2023-09-01 20:53:30,LIKE,https://www.linkedin.com/feed/update/urn%3Ali%3AugcPost%3A7103476910763970560
2023-09-01 20:35:00,LIKE,https://www.linkedin.com/feed/update/urn%3Ali%3AugcPost%3A7095066467750047745
2023-09-01 20:34:53,LIKE,https://www.linkedin.com/feed/update/urn%3Ali%3Aactivity%3A7100203001847427072
2023-09-01 20:34:07,LIKE,https://www.linkedin.com/feed/update/urn%3Ali%3Aactivity%3A7101730865306607616
2023-09-01 20:34:03,LIKE,https://www.linkedin.com/feed/update/urn%3Ali%3AugcPost%3A7102398095987998720
2023-09-01 20:33:55,LIKE,https://www.linkedin.com/feed/update/urn%3Ali%3Aactivity%3A7100462977237053440
2023-09-01 20:33:45,LIKE,https://www.linkedin.com/feed/update/urn%3Ali%3AugcPost%3A7099164314669842432
2023-09-01 20:33:40,LIKE,https://www.linkedin.com/feed/update/urn%3Ali%3Aactivity%3A7102650451786948609
2023-09-01 20:33:27,LIKE,https://www.linkedin.com/feed/update/urn%3Ali%3AugcPost%3A7100630296361938944
2023-09-01 20:32:07,LIKE,https://www.linkedin.com/feed/update/urn%3Ali%3AugcPost%3A7098310030428413952
2023-09-01 20:31:28,LIKE,https://www.linkedin.com/feed/update/urn%3Ali%3Aactivity%3A7098045311557726208
2023-09-01 20:31:18,LIKE,https://www.linkedin.com/feed/update/urn%3Ali%3Aactivity%3A7099874371728470016
2023-09-01 20:31:12,LIKE,https://www.linkedin.com/feed/update/urn%3Ali%3Aactivity%3A7093229100143718400
2023-09-01 20:30:56,LIKE,https://www.linkedin.com/feed/update/urn%3Ali%3AugcPost%3A7095138487925977088
2023-09-01 20:30:23,LIKE,https://www.linkedin.com/feed/update/urn%3Ali%3Aactivity%3A7103026620826857472
2023-09-01 20:30:10,LIKE,https://www.linkedin.com/feed/update/urn%3Ali%3Aactivity%3A7093364986332221440
2023-09-01 20:29:54,LIKE,https://www.linkedin.com/feed/update/urn%3Ali%3AugcPost%3A7102388023731875840
2023-09-01 20:29:18,LIKE,https://www.linkedin.com/feed/update/urn%3Ali%3Aactivity%3A7100212621047455744
2023-09-01 20:28:57,LIKE,https://www.linkedin.com/feed/update/urn%3Ali%3Aactivity%3A7102033143280336896
2023-09-01 20:28:42,LIKE,https://www.linkedin.com/feed/update/urn%3Ali%3Aactivity%3A7103205870951436289
2023-09-01 20:28:16,LIKE,https://www.linkedin.com/feed/update/urn%3Ali%3AugcPost%3A7103046874093281280
2023-09-01 20:28:07,LIKE,https://www.linkedin.com/feed/update/urn%3Ali%3Aactivity%3A7102989784834355201?commentUrn=urn%3Ali%3Acomment%3A%28activity%3A7102989784834355201%2C7103111435609616386%29
2023-09-01 20:27:50,LIKE,https://www.linkedin.com/feed/update/urn%3Ali%3Aactivity%3A7100185371434508288
2023-09-01 20:26:18,ENTERTAINMENT,https://www.linkedin.com/feed/update/urn%3Ali%3Aactivity%3A7102628534153601024
2023-09-01 20:26:03,LIKE,https://www.linkedin.com/feed/update/urn%3Ali%3AugcPost%3A7103315902602878976
2023-09-01 20:21:46,LIKE,https://www.linkedin.com/feed/update/urn%3Ali%3AugcPost%3A7101294608105533440
2023-09-01 20:19:51,LIKE,https://www.linkedin.com/feed/update/urn%3Ali%3Aactivity%3A7103405623546900480
2023-09-01 20:19:42,LIKE,https://www.linkedin.com/feed/update/urn%3Ali%3AugcPost%3A7095847401906708480
2023-09-01 20:19:37,LIKE,https://www.linkedin.com/feed/update/urn%3Ali%3AugcPost%3A7100416752559304704
2023-09-01 20:18:55,LIKE,https://www.linkedin.com/feed/update/urn%3Ali%3Aactivity%3A7101282395294695424
2023-09-01 20:18:51,LIKE,https://www.linkedin.com/feed/update/urn%3Ali%3Aactivity%3A7103444730306248704
2023-09-01 20:18:18,LIKE,https://www.linkedin.com/feed/update/urn%3Ali%3Aactivity%3A7093239886110965760
2023-09-01 20:17:57,LIKE,https://www.linkedin.com/feed/update/urn%3Ali%3AugcPost%3A7103013128954671104
2023-09-01 20:17:16,LIKE,https://www.linkedin.com/feed/update/urn%3Ali%3Aactivity%3A7101908848482881536
2023-09-01 20:17:03,LIKE,https://www.linkedin.com/feed/update/urn%3Ali%3AugcPost%3A7100836255566864384
2023-09-01 20:16:51,LIKE,https://www.linkedin.com/feed/update/urn%3Ali%3AugcPost%3A7102244864565637120
2023-09-01 20:16:40,LIKE,https://www.linkedin.com/feed/update/urn%3Ali%3AugcPost%3A7093235678607552512
2023-09-01 20:16:35,LIKE,https://www.linkedin.com/feed/update/urn%3Ali%3Aactivity%3A7102643905392689152
2023-09-01 20:16:23,LIKE,https://www.linkedin.com/feed/update/urn%3Ali%3Aactivity%3A7103347149915992064
2023-09-01 20:16:21,LIKE,https://www.linkedin.com/feed/update/urn%3Ali%3AugcPost%3A7095892614930980864
2023-09-01 20:16:05,LIKE,https://www.linkedin.com/feed/update/urn%3Ali%3Aactivity%3A7095131495807262720
2023-09-01 20:15:53,LIKE,https://www.linkedin.com/feed/update/urn%3Ali%3Aactivity%3A7098302735472558080
2023-09-01 20:15:43,LIKE,https://www.linkedin.com/feed/update/urn%3Ali%3Aactivity%3A7103434490370232320
2023-09-01 20:14:53,LIKE,https://www.linkedin.com/feed/update/urn%3Ali%3Aactivity%3A7100937713305948161
2023-09-01 20:14:22,LIKE,https://www.linkedin.com/feed/update/urn%3Ali%3Aactivity%3A7099676624631033857
2023-09-01 20:14:09,LIKE,https://www.linkedin.com/feed/update/urn%3Ali%3AugcPost%3A7100924150961102848
2023-09-01 20:14:03,LIKE,https://www.linkedin.com/feed/update/urn%3Ali%3AugcPost%3A7103183918262026240
2023-09-01 20:11:10,LIKE,https://www.linkedin.com/feed/update/urn%3Ali%3AugcPost%3A7102953469191348224
2023-09-01 20:10:42,LIKE,https://www.linkedin.com/feed/update/urn%3Ali%3Aactivity%3A7102318359421083651
2023-09-01 20:10:05,LIKE,https://www.linkedin.com/feed/update/urn%3Ali%3Aactivity%3A7103104975530008579?commentUrn=urn%3Ali%3Acomment%3A%28activity%3A7103104975530008579%2C7103147051076440064%29
2023-08-31 20:46:24,LIKE,https://www.linkedin.com/feed/update/urn%3Ali%3Aactivity%3A7100218642318958592
2023-08-31 20:46:15,LIKE,https://www.linkedin.com/feed/update/urn%3Ali%3AugcPost%3A7099329762652753920
2023-08-31 20:45:52,LIKE,https://www.linkedin.com/feed/update/urn%3Ali%3Aactivity%3A7098317628884025344
2023-08-31 20:45:26,LIKE,https://www.linkedin.com/feed/update/urn%3Ali%3Aactivity%3A7097956915804041216
2023-08-31 20:45:06,LIKE,https://www.linkedin.com/feed/update/urn%3Ali%3AugcPost%3A7100232621527330816
2023-08-31 20:37:39,LIKE,https://www.linkedin.com/feed/update/urn%3Ali%3Aactivity%3A7100446285131919360
2023-08-31 20:37:20,LIKE,https://www.linkedin.com/feed/update/urn%3Ali%3Aactivity%3A7099868518543736833
2023-08-31 20:37:12,LIKE,https://www.linkedin.com/feed/update/urn%3Ali%3AugcPost%3A7097570573588836352
2023-08-31 20:36:36,LIKE,https://www.linkedin.com/feed/update/urn%3Ali%3Aactivity%3A7092561209886932996
2023-08-31 20:36:33,LIKE,https://www.linkedin.com/feed/update/urn%3Ali%3AugcPost%3A7093223579592343552
2023-08-31 20:36:31,LIKE,https://www.linkedin.com/feed/update/urn%3Ali%3Aactivity%3A7102665672798724096
2023-08-31 20:36:13,LIKE,https://www.linkedin.com/feed/update/urn%3Ali%3AugcPost%3A7100637531175555072
2023-08-31 20:36:07,LIKE,https://www.linkedin.com/feed/update/urn%3Ali%3Aactivity%3A7097658414641668096
2023-08-31 20:36:00,LIKE,https://www.linkedin.com/feed/update/urn%3Ali%3AugcPost%3A7094549797415661568
2023-08-31 20:34:03,LIKE,https://www.linkedin.com/feed/update/urn%3Ali%3Aactivity%3A7102279291224125440
2023-08-31 20:33:05,LIKE,https://www.linkedin.com/feed/update/urn%3Ali%3AugcPost%3A7094700971372556290
2023-08-31 20:32:50,LIKE,https://www.linkedin.com/feed/update/urn%3Ali%3Aactivity%3A7100827701363531777
2023-08-31 20:32:43,LIKE,https://www.linkedin.com/feed/update/urn%3Ali%3Aactivity%3A7095838796247646208
2023-08-31 20:32:22,EMPATHY,https://www.linkedin.com/feed/update/urn%3Ali%3AugcPost%3A7092141384068997120
2023-08-31 20:32:04,LIKE,https://www.linkedin.com/feed/update/urn%3Ali%3AugcPost%3A7092202251670200321
2023-08-31 20:31:52,LIKE,https://www.linkedin.com/feed/update/urn%3Ali%3Aactivity%3A7096558529989292032
2023-08-31 20:31:35,LIKE,https://www.linkedin.com/feed/update/urn%3Ali%3Aactivity%3A7093232555532951552
2023-08-31 20:30:48,LIKE,https://www.linkedin.com/feed/update/urn%3Ali%3AugcPost%3A7101680152270524416
2023-08-31 20:30:41,LIKE,https://www.linkedin.com/feed/update/urn%3Ali%3Aactivity%3A7102092133272068096
2023-08-31 20:30:34,LIKE,https://www.linkedin.com/feed/update/urn%3Ali%3Aactivity%3A7100932161825873921
2023-08-31 20:30:13,LIKE,https://www.linkedin.com/feed/update/urn%3Ali%3AugcPost%3A7099745979565772800
2023-08-31 20:29:45,LIKE,https://www.linkedin.com/feed/update/urn%3Ali%3Aactivity%3A7100484608982458368
2023-08-31 20:29:32,LIKE,https://www.linkedin.com/feed/update/urn%3Ali%3Aactivity%3A7099430066698215424
2023-08-31 20:22:29,LIKE,https://www.linkedin.com/feed/update/urn%3Ali%3AugcPost%3A7063120438599589888
2023-08-31 20:22:18,LIKE,https://www.linkedin.com/feed/update/urn%3Ali%3AugcPost%3A7097232765166788609
2023-08-31 20:21:46,LIKE,https://www.linkedin.com/feed/update/urn%3Ali%3Aactivity%3A7099793071634006017
2023-08-31 20:21:42,LIKE,https://www.linkedin.com/feed/update/urn%3Ali%3AugcPost%3A7098459945024548864
2023-08-31 20:18:01,LIKE,https://www.linkedin.com/feed/update/urn%3Ali%3AugcPost%3A7097632245179441152
2023-08-31 20:16:17,LIKE,https://www.linkedin.com/feed/update/urn%3Ali%3Aactivity%3A7094255885870333953
2023-08-31 20:15:39,LIKE,https://www.linkedin.com/feed/update/urn%3Ali%3Aactivity%3A7097604663230803968
2023-08-31 20:15:34,LIKE,https://www.linkedin.com/feed/update/urn%3Ali%3Aactivity%3A6979130872981532672
2023-08-31 20:14:59,LIKE,https://www.linkedin.com/feed/update/urn%3Ali%3Aactivity%3A7103013032682807296
2023-08-31 19:54:18,LIKE,https://www.linkedin.com/feed/update/urn%3Ali%3AugcPost%3A7098397019324465153
2023-08-31 19:53:53,ENTERTAINMENT,https://www.linkedin.com/feed/update/urn%3Ali%3Aactivity%3A7095419951930314752
2023-08-31 19:53:46,LIKE,https://www.linkedin.com/feed/update/urn%3Ali%3AugcPost%3A7094694533686341632
2023-08-31 19:53:23,LIKE,https://www.linkedin.com/feed/update/urn%3Ali%3AugcPost%3A7099803807156465664
2023-08-31 19:52:49,LIKE,https://www.linkedin.com/feed/update/urn%3Ali%3AugcPost%3A7101949412297310208
2023-08-31 19:52:04,LIKE,https://www.linkedin.com/feed/update/urn%3Ali%3Aactivity%3A7096105550442045440
2023-08-31 19:46:36,LIKE,https://www.linkedin.com/feed/update/urn%3Ali%3Aactivity%3A7103010712452497409
2023-08-31 19:46:15,LIKE,https://www.linkedin.com/feed/update/urn%3Ali%3AugcPost%3A7099692015524720640
2023-08-31 19:46:10,LIKE,https://www.linkedin.com/feed/update/urn%3Ali%3Aactivity%3A7097215382972772355
2023-08-31 19:45:58,LIKE,https://www.linkedin.com/feed/update/urn%3Ali%3Aactivity%3A7102420218701918208
2023-08-31 19:45:32,LIKE,https://www.linkedin.com/feed/update/urn%3Ali%3Aactivity%3A7095768234997497856
2023-08-31 19:45:15,LIKE,https://www.linkedin.com/feed/update/urn%3Ali%3AugcPost%3A7102696117691125760
2023-08-31 19:45:08,LIKE,https://www.linkedin.com/feed/update/urn%3Ali%3Aactivity%3A7098083128388243456
2023-08-31 19:45:02,LIKE,https://www.linkedin.com/feed/update/urn%3Ali%3AugcPost%3A7094680904442220545
2023-08-31 19:44:42,LIKE,https://www.linkedin.com/feed/update/urn%3Ali%3Aactivity%3A7094997947876016128
2023-08-31 19:44:33,LIKE,https://www.linkedin.com/feed/update/urn%3Ali%3AugcPost%3A7102739661059407872
2023-08-31 19:43:25,LIKE,https://www.linkedin.com/feed/update/urn%3Ali%3Aactivity%3A7103029145542008832
2023-08-31 19:41:18,LIKE,https://www.linkedin.com/feed/update/urn%3Ali%3Aactivity%3A7102742028593094656
2023-08-30 19:02:03,LIKE,https://www.linkedin.com/feed/update/urn%3Ali%3AugcPost%3A7095036724535279616
2023-08-30 19:01:58,LIKE,https://www.linkedin.com/feed/update/urn%3Ali%3Aactivity%3A7100542756510429185
2023-08-30 19:00:34,LIKE,https://www.linkedin.com/feed/update/urn%3Ali%3Aactivity%3A7098370248759795712
2023-08-30 18:59:24,ENTERTAINMENT,https://www.linkedin.com/feed/update/urn%3Ali%3Aactivity%3A7100889138035314688
2023-08-30 18:57:10,LIKE,https://www.linkedin.com/feed/update/urn%3Ali%3AugcPost%3A7094066041424687104
2023-08-30 18:56:52,LIKE,https://www.linkedin.com/feed/update/urn%3Ali%3Aactivity%3A7095105041212071936
2023-08-30 18:56:21,LIKE,https://www.linkedin.com/feed/update/urn%3Ali%3Aactivity%3A7092581918398984192
2023-08-30 18:55:26,LIKE,https://www.linkedin.com/feed/update/urn%3Ali%3Aactivity%3A7099821241422741505
2023-08-30 18:54:25,EMPATHY,https://www.linkedin.com/feed/update/urn%3Ali%3Aactivity%3A7102400867475107840
2023-08-30 18:54:12,LIKE,https://www.linkedin.com/feed/update/urn%3Ali%3Aactivity%3A7096830487616196608
2023-08-30 18:53:58,LIKE,https://www.linkedin.com/feed/update/urn%3Ali%3Aactivity%3A7099736579996291072
2023-08-30 18:53:22,LIKE,https://www.linkedin.com/feed/update/urn%3Ali%3Aactivity%3A7095383988579577857
2023-08-30 18:49:49,LIKE,https://www.linkedin.com/feed/update/urn%3Ali%3Aactivity%3A7102010739292315648
2023-08-30 18:49:40,LIKE,https://www.linkedin.com/feed/update/urn%3Ali%3Aactivity%3A7095052604061159425
