Organization,Followed On
Ushuaia Solutions,Fri Nov 17 19:52:31 UTC 2023
Hive Of Talents ðŸ”¥ HOT,Wed Nov 08 20:19:32 UTC 2023
sobrecodigo,Wed Nov 08 20:19:31 UTC 2023
UPEX,Wed Nov 08 20:19:29 UTC 2023
Foo Talent,Wed Nov 08 20:19:28 UTC 2023
Programa TrainIT,Wed Nov 08 20:19:27 UTC 2023
ProActive Talent Hub,Wed Nov 08 20:19:25 UTC 2023
Lumetrio,Wed Nov 08 20:19:22 UTC 2023
de cÃ³digo somos,Wed Nov 01 18:38:36 UTC 2023
Devsafio - Sin Juniors No Hay Seniors,Wed Nov 01 18:38:36 UTC 2023
ID for Ideas,Wed Nov 01 18:38:35 UTC 2023
GitHub,Tue Oct 31 15:51:06 UTC 2023
Sin Jr No Hay Sr,Tue Oct 31 15:51:05 UTC 2023
Accenture,Tue Oct 31 15:51:02 UTC 2023
Globant,Wed Oct 25 17:46:23 UTC 2023
VÃ©rtice,Wed Oct 25 17:46:23 UTC 2023
Mercado Libre,Wed Oct 25 17:46:22 UTC 2023
Accenture Argentina,Wed Oct 25 17:46:22 UTC 2023
It School - EducaciÃ³n IT | Grupo KELSOFT,Mon Oct 23 20:48:57 UTC 2023
Microsoft,Wed Oct 18 20:18:56 UTC 2023
Google,Wed Oct 18 20:18:55 UTC 2023
Snowflake,Wed Oct 18 20:18:52 UTC 2023
HTML,Thu Oct 12 20:47:52 UTC 2023
Henry,Thu Oct 12 20:47:11 UTC 2023
Coderhouse,Thu Oct 12 20:45:27 UTC 2023
Universidad Nacional de Mar del Plata,Thu Oct 12 20:20:18 UTC 2023
Cosys Global | Grupo KELSOFT,Thu Oct 12 20:18:12 UTC 2023
EducacionIT,Thu Oct 12 18:43:08 UTC 2023
Grupo KELSOFT | NetKEL Consulting,Thu Oct 12 18:43:05 UTC 2023